{"1":{"coefs": [0.0, 0.059003702454764315, 0.002207261137766812, 2.160933860586165e-06, -1.3783754220918074e-05, 3.493335511802239e-06], "intercepto": 10.601439415448603}, "2": {"coefs": [0.0, 0.043442855270002356, -0.005506058061508254, 3.498112949604756e-05, -7.857864534285835e-05, 4.019230434848355e-05], "intercepto": 14.617129923860375}, "3": {"coefs": [0.0, 0.030387406578718325, 0.012777055896524362, -3.4598947346159406e-06, 8.737210375239921e-07, -2.160291563450516e-06], "intercepto": 15.347823780958208}, "4": {"coefs": [0.0, 0.03282598952843259, 0.016756174375881148, -8.495807019605797e-06, 8.363505446911086e-06, -5.616698739334676e-06], "intercepto": 10.230202246693267}, "5": {"coefs": [0.0, 0.03379554153774242, 0.012245250871180391, -3.349350996583902e-06, 4.54072310177283e-07, -2.3846746746311285e-06], "intercepto": 16.75886179661967}, "6": {"coefs": [0.0, 0.042035628458819155, 0.0043147264669423785, -4.008303754156735e-06, -5.557665188411506e-07, -5.392283008605606e-07], "intercepto": 13.611580652214599}, "7": {"coefs": [0.0, 0.0355795558456184, 0.00974696068925475, -3.7623422671808674e-06, 5.010985348389203e-07, -1.5470498975496526e-06], "intercepto": 14.195805850348947}, "8": {"coefs": [0.0, 0.0324759855424386, 0.013171982775444369, -2.1801095266007036e-06, -7.505015469536309e-07, -1.9616055329182364e-06], "intercepto": 11.786287833965943}}