{"1": 12.46842514809161, "2": 12.48930347111963, "3": 11.96305209032554, "4": 11.40846822116511, "5": 10.63861300010174, "6": 9.94810829938272, "7": 9.385462102544025, "8": 9.396766437223949, "9": 9.463623289067643, "10": 10.07063437138274, "11": 10.73467482112627, "12": 11.44245190477981}